Date,Headline,Source
2024-07-09,Officials report: Orange alert in Idukki affects local life,Kerala News Daily
2024-07-17,Officials report: Landslide in Pathanamthitta affects local life,Kerala News Daily
2024-07-27,Breaking: Traffic disruption in Ernakulam affects local life,Kerala News Daily
2024-07-01,IMD issues: Weather warning in Kozhikode affects local life,Kerala News Daily
2024-07-19,Breaking: Flood in Pathanamthitta affects local life,Kerala News Daily
2024-07-03,Red alert in: Dam opening in Pathanamthitta affects local life,Kerala News Daily
2024-07-07,Red alert in: Traffic disruption in Idukki affects local life,Kerala News Daily
2024-07-20,Red alert in: Landslide in Pathanamthitta affects local life,Kerala News Daily
2024-07-08,Officials report: Heavy rain in Munnar affects local life,Kerala News Daily
2024-07-04,Breaking: Flood in Munnar affects local life,Kerala News Daily
2024-07-02,Officials report: Flood in Kozhikode affects local life,Kerala News Daily
2024-07-04,Breaking: Death in Ernakulam affects local life,Kerala News Daily
2024-07-07,Breaking: Evacuation in Idukki affects local life,Kerala News Daily
2024-07-01,Latest update: Death in Idukki affects local life,Kerala News Daily
2024-07-14,Breaking: Dam opening in Ernakulam affects local life,Kerala News Daily
2024-07-29,Latest update: Imd alert in Wayanad affects local life,Kerala News Daily
2024-07-21,Breaking: Dam opening in Kottayam affects local life,Kerala News Daily
2024-07-25,IMD issues: Orange alert in Idukki affects local life,Kerala News Daily
2024-07-01,Breaking: Flood in Munnar affects local life,Kerala News Daily
2024-07-15,Latest update: Evacuation in Idukki affects local life,Kerala News Daily
2024-07-16,Officials report: Flood in Wayanad affects local life,Kerala News Daily
2024-07-20,Officials report: Landslide in Idukki affects local life,Kerala News Daily
2024-07-23,IMD issues: Traffic disruption in Munnar affects local life,Kerala News Daily
2024-07-02,IMD issues: Dam opening in Wayanad affects local life,Kerala News Daily
2024-07-28,IMD issues: Heavy rain in Munnar affects local life,Kerala News Daily
2024-07-20,Breaking: Traffic disruption in Ernakulam affects local life,Kerala News Daily
2024-07-24,Breaking: Orange alert in Kottayam affects local life,Kerala News Daily
2024-07-03,Breaking: Flood in Munnar affects local life,Kerala News Daily
2024-07-15,Red alert in: Imd alert in Thrissur affects local life,Kerala News Daily
2024-07-01,Breaking: Weather warning in Kottayam affects local life,Kerala News Daily
2024-07-07,Breaking: Death in Idukki affects local life,Kerala News Daily
2024-07-28,Breaking: Heavy rain in Kozhikode affects local life,Kerala News Daily
2024-07-19,Officials report: Flood in Ernakulam affects local life,Kerala News Daily
2024-07-27,Officials report: Flood in Munnar affects local life,Kerala News Daily
2024-07-22,Officials report: Flood in Idukki affects local life,Kerala News Daily
2024-07-12,IMD issues: Traffic disruption in Pathanamthitta affects local life,Kerala News Daily
2024-07-17,Breaking: Heavy rain in Thrissur affects local life,Kerala News Daily
2024-07-11,Latest update: Orange alert in Ernakulam affects local life,Kerala News Daily
2024-07-01,Breaking: Weather warning in Ernakulam affects local life,Kerala News Daily
2024-07-02,IMD issues: Weather warning in Munnar affects local life,Kerala News Daily
2024-07-27,Breaking: Landslide in Ernakulam affects local life,Kerala News Daily
2024-07-03,Officials report: Imd alert in Ernakulam affects local life,Kerala News Daily
2024-07-18,Red alert in: Imd alert in Wayanad affects local life,Kerala News Daily
2024-07-14,Latest update: Landslide in Wayanad affects local life,Kerala News Daily
2024-07-09,Red alert in: Imd alert in Ernakulam affects local life,Kerala News Daily
2024-07-25,IMD issues: Dam opening in Wayanad affects local life,Kerala News Daily
2024-07-25,Latest update: Heavy rain in Idukki affects local life,Kerala News Daily
2024-07-18,Red alert in: Flood in Pathanamthitta affects local life,Kerala News Daily
2024-07-19,Breaking: Landslide in Thrissur affects local life,Kerala News Daily
2024-07-22,Latest update: Landslide in Pathanamthitta affects local life,Kerala News Daily
2024-07-14,Breaking: Flood in Ernakulam affects local life,Kerala News Daily
2024-07-19,Latest update: Weather warning in Thrissur affects local life,Kerala News Daily
2024-07-17,Latest update: Weather warning in Wayanad affects local life,Kerala News Daily
2024-07-11,Breaking: Landslide in Idukki affects local life,Kerala News Daily
2024-07-09,Red alert in: Dam opening in Thrissur affects local life,Kerala News Daily
2024-07-03,Red alert in: Heavy rain in Munnar affects local life,Kerala News Daily
2024-07-18,Breaking: Heavy rain in Wayanad affects local life,Kerala News Daily
2024-07-29,Breaking: Orange alert in Wayanad affects local life,Kerala News Daily
2024-07-02,Red alert in: Evacuation in Kozhikode affects local life,Kerala News Daily
2024-07-09,Latest update: Flood in Kozhikode affects local life,Kerala News Daily
2024-07-04,IMD issues: Heavy rain in Idukki affects local life,Kerala News Daily
2024-07-21,Latest update: Imd alert in Kozhikode affects local life,Kerala News Daily
2024-07-01,Latest update: Landslide in Kozhikode affects local life,Kerala News Daily
2024-07-20,Officials report: Weather warning in Kozhikode affects local life,Kerala News Daily
2024-07-20,Breaking: Evacuation in Munnar affects local life,Kerala News Daily
2024-07-06,Breaking: Traffic disruption in Kozhikode affects local life,Kerala News Daily
2024-07-20,Latest update: Death in Ernakulam affects local life,Kerala News Daily
2024-07-25,Officials report: Evacuation in Kozhikode affects local life,Kerala News Daily
2024-07-14,Latest update: Traffic disruption in Wayanad affects local life,Kerala News Daily
2024-07-24,Officials report: Landslide in Ernakulam affects local life,Kerala News Daily
2024-07-05,IMD issues: Imd alert in Thrissur affects local life,Kerala News Daily
2024-07-28,Breaking: Heavy rain in Ernakulam affects local life,Kerala News Daily
2024-07-20,Breaking: Imd alert in Idukki affects local life,Kerala News Daily
2024-07-07,Officials report: Landslide in Pathanamthitta affects local life,Kerala News Daily
2024-07-08,IMD issues: Imd alert in Thrissur affects local life,Kerala News Daily
2024-07-06,Breaking: Imd alert in Thrissur affects local life,Kerala News Daily
2024-07-09,Breaking: Landslide in Kozhikode affects local life,Kerala News Daily
2024-07-14,Latest update: Evacuation in Kottayam affects local life,Kerala News Daily
2024-07-26,Latest update: Flood in Thrissur affects local life,Kerala News Daily
2024-07-16,Breaking: Landslide in Munnar affects local life,Kerala News Daily
2024-07-20,Latest update: Heavy rain in Pathanamthitta affects local life,Kerala News Daily
2024-07-01,Officials report: Flood in Thrissur affects local life,Kerala News Daily
2024-07-04,Red alert in: Dam opening in Kozhikode affects local life,Kerala News Daily
2024-07-11,IMD issues: Weather warning in Wayanad affects local life,Kerala News Daily
2024-07-27,IMD issues: Death in Munnar affects local life,Kerala News Daily
2024-07-23,IMD issues: Dam opening in Kozhikode affects local life,Kerala News Daily
2024-07-18,Latest update: Weather warning in Kottayam affects local life,Kerala News Daily
2024-07-01,Red alert in: Flood in Kottayam affects local life,Kerala News Daily
2024-07-04,IMD issues: Weather warning in Munnar affects local life,Kerala News Daily
2024-07-09,Officials report: Evacuation in Kozhikode affects local life,Kerala News Daily
2024-07-09,Officials report: Traffic disruption in Munnar affects local life,Kerala News Daily
2024-07-13,Breaking: Traffic disruption in Kozhikode affects local life,Kerala News Daily
2024-07-08,Red alert in: Traffic disruption in Kottayam affects local life,Kerala News Daily
2024-07-26,Red alert in: Orange alert in Kozhikode affects local life,Kerala News Daily
2024-07-01,IMD issues: Evacuation in Wayanad affects local life,Kerala News Daily
2024-07-16,Latest update: Flood in Idukki affects local life,Kerala News Daily
2024-07-29,Officials report: Weather warning in Kozhikode affects local life,Kerala News Daily
2024-07-08,Red alert in: Weather warning in Kozhikode affects local life,Kerala News Daily
2024-07-10,Red alert in: Traffic disruption in Kottayam affects local life,Kerala News Daily
2024-07-23,Red alert in: Death in Pathanamthitta affects local life,Kerala News Daily
